Rank,Name,Score,Performance,Old Rating(β),Change,New Rating(β)
1,USA,7321305762,3943,2310,+726,3036
2,WA_TLE,7150406223,3620,2100,+672,2772
3,Stonefeang,7094159364,3446,1205,+1262,2467
4,square1001,6944576441,3328,0,+2328,2328
5,kawatea,6871549911,3240,2085,+406,2491
6,dividebyzero,6863061688,3172,1624,+666,2290
7,tomerun,6861848888,3116,2658,+127,2785
8,monnu,6835645084,3068,1462,+706,2168
9,yuusanlondon,6784219724,3027,1292,+832,2124
10,Komaki,6720089253,2990,2611,+108,2719
11,ats5515,6696065162,2957,2712,+107,2819
12,C7BMkOO7Qbmcwck7,6658553803,2927,2009,+298,2307
13,yowa,6632094297,2900,2138,+225,2363
14,iwashi31,6631433081,2875,1809,+364,2173
15,Rafbill,6629516188,2851,2126,+222,2348
16,terry_u16,6628061660,2829,2061,+232,2293
17,EmK,6564984267,2808,2081,+214,2295
18,kuhaku,6559222965,2788,1840,+319,2159
19,emthrm,6541851616,2770,1306,+609,1915
20,nrvft,6530977549,2752,1683,+362,2045
21,riantkb,6501128257,2735,1029,+797,1826
22,zauberer,6497136827,2719,972,+817,1789
23,ymatsux,6496818838,2703,2447,+90,2537
24,fgwiebfaoish,6457097060,2688,1333,+529,1862
25,bowwowforeach,6435846409,2673,2091,+159,2250
26,totori0908,6432247444,2659,1303,+549,1852
27,sansaqua,6430231606,2646,2221,+113,2334
28,uminorosujin,6425934856,2633,1154,+614,1768
29,kimiyuki,6408108055,2620,2332,+101,2433
30,assy,6406046257,2608,1831,+242,2073
31,ichyo,6383523859,2596,1963,+187,2150
32,nuts,6382963551,2584,1564,+338,1902
33,iehn,6381617831,2572,2184,+112,2296
34,hoshi524,6368704469,2561,2183,+107,2290
35,eijirou,6364548469,2550,1741,+249,1990
36,carrot46,6360398563,2540,1747,+249,1996
37,phocom,6356751766,2529,1557,+319,1876
38,ashmelev,6338700888,2519,0,+1519,1519
39,tute7627,6327065542,2509,1409,+377,1786
40,primenumber,6325164928,2500,2173,+115,2288
41,shibh308,6315180495,2490,1367,+389,1756
42,rabot,6300167816,2481,1730,+220,1950
43,tanzaku,6292548486,2472,1761,+207,1968
44,c7c7,6270796097,2463,1720,+228,1948
45,risujiroh,6270618788,2454,0,+1454,1454
46,ynasu,6226797424,2445,2360,+54,2414
47,se1ka2,6203922022,2436,1439,+323,1762
48,toame,6197024244,2428,2302,+66,2368
49,physics0523,6184663084,2420,1273,+401,1674
50,kotamanegi,6161701810,2412,1209,+450,1659
51,takumi152,6155218835,2404,2379,+46,2425
52,Shun_PI,6154426200,2396,1694,+209,1903
53,Dente,6148664541,2388,1574,+244,1818
54,prd_xxx,6145554036,2380,1247,+403,1650
55,kanjino,6120893072,2373,1513,+268,1781
56,uwi,6085540268,2365,351,+1074,1425
57,kr,6079845975,2358,2063,+96,2159
58,colun,6075996147,2351,1964,+115,2079
59,komori3,6064905496,2344,1570,+231,1801
60,nikuroll,6059571009,2337,1580,+225,1805
61,titia,6057612288,2330,1307,+339,1646
62,theory_and_me,6036313695,2323,1508,+253,1761
63,tourist,6033879835,2316,2454,+44,2498
64,NNMochi,6029564065,2309,1389,+286,1675
65,zach,5953915161,2303,1633,+188,1821
66,yokozuna57,5910277836,2296,1672,+177,1849
67,dn6049949,5897132082,2290,1869,+125,1994
68,kotatsugame,5882556034,2283,1783,+158,1941
69,kuretchi,5848704610,2277,1029,+478,1507
70,hitonanode,5836101091,2271,1678,+201,1879
71,udon1206,5826079873,2265,1401,+271,1672
72,firiexp,5797907575,2259,1341,+286,1627
73,koneco,5770658244,2253,756,+642,1398
74,kagasan,5767571488,2247,0,+1247,1247
75,HBit,5755085411,2241,1729,+136,1865
76,agajo,5747647002,2235,1455,+234,1689
77,Risen,5747406422,2229,1659,+160,1819
78,hiratai,5735400099,2223,1872,+98,1970
79,btk15049,5727552646,2218,2221,+46,2267
80,olphe,5715294520,2212,1643,+157,1800
81,deoxy,5710085796,2206,0,+1206,1206
82,kt_tenel,5709761731,2201,787,+613,1400
83,fuppy0716,5702418399,2195,1439,+262,1701
84,Yu_212,5698172055,2190,1873,+103,1976
85,ppputtyo,5680286050,2185,892,+535,1427
86,nakari_1124,5678802041,2179,321,+943,1264
87,sash,5659818003,2174,1746,+124,1870
88,rs02,5658358852,2169,1327,+271,1598
89,wanui,5648962405,2164,1628,+145,1773
90,Moegi,5622043928,2159,1530,+178,1708
91,kurakura,5615568015,2153,1631,+178,1809
92,suisen,5611114456,2148,913,+454,1367
93,fmhr,5590910574,2143,1102,+348,1450
94,nasuo,5589727424,2138,1591,+154,1745
95,spica314,5568680124,2134,1930,+79,2009
96,satanic0258,5562326947,2129,1857,+86,1943
97,kozima,5533076637,2124,1636,+129,1765
98,torisasami,5529284143,2119,1058,+355,1413
99,cuthbert,5528263144,2114,1227,+317,1544
100,rahaia1357,5518111192,2110,0,+1110,1110
101,hdrop,5503527389,2105,1397,+206,1603
102,Nyaan,5487768458,2100,819,+490,1309
103,hitoare,5487267017,2096,1119,+357,1476
104,NKT,5482075938,2091,1212,+285,1497
105,Jirotech,5457805915,2086,1415,+229,1644
106,ks2m,5444747651,2082,1273,+241,1514
107,jjjjjjjtgpptmjj,5425029575,2077,1454,+174,1628
108,qwerty787788,5420753975,2073,1175,+322,1497
109,maeda3,5408304715,2068,1200,+267,1467
110,math_hiyoko,5391573609,2064,1181,+272,1453
111,eulerscheZahl,5376954307,2060,0,+1060,1060
112,ayaoni,5362604086,2055,722,+548,1270
113,hte,5357794771,2051,643,+579,1222
114,Gobi,5356477323,2047,1518,+148,1666
115,phyllo,5338127873,2042,1889,+74,1963
116,toku4388,5331916324,2038,1264,+230,1494
117,makibishi0212,5293144742,2034,1330,+204,1534
118,iaNTU,5290535680,2030,2262,+22,2284
119,kusano,5272715986,2026,2041,+41,2082
120,drogskol,5270194710,2022,538,+653,1191
121,rin204,5238531533,2017,1036,+335,1371
122,TowersofHanoi,5235121101,2013,1310,+231,1541
123,Omotchi,5225020847,2009,2292,+17,2309
124,sensaur,5215795958,2005,1344,+205,1549
125,cottoncotton,5212341021,2001,1568,+121,1689
126,potato167,5191592401,1997,1131,+265,1396
127,longrun,5178909364,1993,1295,+211,1506
128,dlhham,5168371991,1989,0,+989,989
129,hashiya8,5167920540,1985,749,+471,1220
130,LayCurse,5160124566,1982,1351,+194,1545
131,kens,5154039714,1978,1451,+146,1597
132,KameKun,5150228926,1974,1208,+225,1433
133,cunitac,5116649554,1970,1757,+76,1833
134,takytank,5075291803,1966,1497,+130,1627
135,Shibungi,5074854174,1962,1366,+167,1533
136,hpns2592,5072601534,1959,0,+959,959
137,SugarDragon5,5059983832,1955,495,+644,1139
138,sten,5025496622,1951,677,+494,1171
139,sumoooru,5024228122,1947,2108,+28,2136
140,siman,5023519574,1944,1817,+66,1883
141,t98slider,4997637331,1940,1278,+195,1473
142,imuraya,4996646146,1936,842,+382,1224
143,mdstoy,4989532790,1933,1142,+239,1381
144,takoshi,4963825863,1929,1648,+97,1745
145,kaz49bz,4923145405,1926,1703,+74,1777
146,phspls,4918501669,1922,984,+313,1297
147,hiikunZ,4901449255,1918,1404,+141,1545
148,cleantted,4887302551,1915,1050,+265,1315
149,Aquarius,4879137717,1911,2182,+20,2202
150,tosca2020,4878894347,1908,1199,+203,1402
151,Izayoi_R,4867831306,1904,1119,+231,1350
152,merhorn,4864316425,1901,1189,+230,1419
153,hogeover30,4857529634,1897,1114,+245,1359
154,miku,4854661638,1894,1431,+130,1561
155,atcoder,4813588884,1890,1478,+112,1590
156,merom686,4778019146,1887,1614,+88,1702
157,omr14t,4774602247,1883,1138,+230,1368
158,kotarot,4774283029,1880,977,+288,1265
159,machy,4774034782,1877,1619,+109,1728
160,netyo715,4757311505,1873,995,+273,1268
161,kiwamo,4734702620,1870,1283,+159,1442
162,ozotadev,4729429921,1867,1109,+234,1343
163,Raclamusi,4718583545,1863,1468,+119,1587
164,kumakumaaaaa,4712776909,1860,1547,+103,1650
165,xyz600,4712580019,1857,1820,+47,1867
166,y_kawano,4702923247,1853,1592,+84,1676
167,harurun,4700897636,1850,1056,+238,1294
168,uuuu_s,4694647987,1847,606,+474,1080
169,toku,4687194342,1843,1545,+92,1637
170,gyouzasushi,4677924299,1840,1195,+180,1375
171,bin101,4667327876,1837,1747,+54,1801
172,petit_sophia,4623538090,1834,1367,+130,1497
173,m_m,4599421640,1831,1481,+102,1583
174,poka,4592111140,1827,0,+827,827
175,ttttan,4580242266,1824,705,+403,1108
176,koderkushy,4577552774,1821,0,+821,821
177,ebicochineal,4550478720,1818,2093,+21,2114
178,iboibo,4477081259,1815,127,+771,898
179,katonyonko,4458853849,1812,232,+695,927
180,KKT89,4444403747,1808,1053,+222,1275
181,s1010,4438703827,1805,676,+413,1089
182,cosocaf,4437394113,1802,0,+802,802
183,baku1101,4425478904,1799,1371,+140,1511
184,kibuna,4420054952,1796,1820,+40,1860
185,august14,4415882399,1793,1823,+43,1866
186,Tyranno,4415511244,1790,1425,+99,1524
187,sh_mug,4396027993,1787,1222,+157,1379
188,ossa2019,4378116951,1784,0,+784,784
189,shim0,4376447777,1781,862,+289,1151
190,wakasuki,4354344954,1778,1141,+179,1320
191,NASU41,4346119905,1775,1074,+199,1273
192,azriel1rf,4345651783,1772,985,+236,1221
193,recta,4345161550,1769,583,+471,1054
194,qLethon,4344288729,1766,1696,+51,1747
195,daiju,4336631239,1763,1536,+74,1610
196,Tomii9273,4321128425,1760,1389,+106,1495
197,dn154,4309477983,1757,1411,+99,1510
198,yk109,4296497576,1754,981,+228,1209
199,ngng628,4269555957,1751,1324,+112,1436
200,l_ength,4269472781,1748,1801,+37,1838
201,tokumini,4250045143,1745,853,+293,1146
202,kuruton456,4230241674,1742,1079,+197,1276
203,hal_goldfish,4219491449,1739,1005,+231,1236
204,yamake,4216988629,1736,937,+252,1189
205,kzyKT,4212858270,1733,1133,+164,1297
206,tamurahey,4211750856,1730,1558,+75,1633
207,kyo1,4163640641,1728,1266,+134,1400
208,nephrologist,4161587224,1725,1088,+176,1264
209,yahoobb,4154491009,1722,1280,+121,1401
210,fu9103,4149650030,1719,497,+493,990
211,tashikani,4140119665,1716,1272,+156,1428
212,Strorkis,4132588444,1713,1375,+97,1472
213,syu_mei,4121812387,1710,581,+426,1007
214,rhincodon66,4116732785,1708,1230,+143,1373
215,fky_,4081994449,1705,1298,+118,1416
216,ryuusagi,4076571737,1702,947,+222,1169
217,t104,4074179713,1699,1130,+180,1310
218,zkou,4060537273,1696,1695,+46,1741
219,abb,4059343719,1694,1624,+50,1674
220,shotoyoo,4053389661,1691,1498,+70,1568
221,gojira_ku,4047709623,1688,1334,+104,1438
222,SuppliLion,4043488680,1685,0,+685,685
223,bitrate,4031133812,1683,1127,+150,1277
224,unsre,4025975567,1680,1195,+138,1333
225,BSer,3983250660,1677,616,+377,993
226,myki,3981836844,1674,0,+674,674
227,highjump,3959079397,1672,1494,+79,1573
228,nyama39,3946199169,1669,962,+220,1182
229,kimonohanger,3931500258,1666,1929,+24,1953
230,hamuhei4869,3915530149,1663,1061,+179,1240
231,toyuzuko,3891101467,1661,1104,+150,1254
232,goudezhao,3852813090,1658,766,+295,1061
233,saba,3850168731,1655,736,+313,1049
234,m44,3850115171,1653,551,+423,974
235,m_buyoh,3842089624,1650,1662,+44,1706
236,rapirapi,3819446834,1647,368,+527,895
237,ir_1st_vil,3808112674,1645,855,+248,1103
238,Kazu1998k,3792891147,1642,1002,+180,1182
239,iwata,3789058855,1639,1128,+154,1282
240,oldlick,3786540980,1637,1047,+201,1248
241,kaede2020,3771787703,1634,913,+211,1124
242,arc,3757986256,1631,365,+518,883
243,lhp1202358,3745520109,1629,1631,+42,1673
244,hoshiika,3741444059,1626,1105,+151,1256
245,mucchin,3739127774,1623,0,+623,623
246,espressivosubito,3727035142,1621,940,+193,1133
247,reg7777,3719503616,1618,1489,+61,1550
248,genomas,3719238137,1615,1036,+161,1197
249,merlingo,3717871488,1613,233,+574,807
250,emanon001,3708602754,1610,1324,+89,1413
251,kyoroid,3690529439,1608,1146,+139,1285
252,yatabis,3681077223,1605,1120,+130,1250
253,mikecat,3659994323,1602,1087,+146,1233
254,near12,3646464287,1600,947,+197,1144
255,ZZY,3646439105,1597,319,+523,842
256,Bondo416,3645716478,1595,1053,+149,1202
257,ganmodokix,3645646713,1592,1361,+75,1436
258,patahene,3630682254,1590,1410,+66,1476
259,RTnF,3628142429,1587,1258,+96,1354
260,sumochi,3625561654,1584,297,+526,823
261,Godowsky,3614306358,1582,796,+237,1033
262,ntk_ta01,3587522064,1579,978,+165,1143
263,aaing,3577362171,1577,161,+575,736
264,tassei903,3576835558,1574,190,+564,754
265,c_yan,3574293232,1572,1368,+81,1449
266,wiwiteria,3573307019,1569,0,+569,569
267,kabipoyo,3547400499,1567,979,+160,1139
268,keroru,3546893082,1564,1038,+141,1179
269,molety,3539261712,1562,971,+182,1153
270,st2d,3523115592,1559,622,+302,924
271,maxwatt,3521272431,1557,940,+180,1120
272,moepy_stats,3491940197,1554,0,+554,554
273,nasubi24,3479849268,1552,902,+182,1084
274,katsunori,3464203736,1549,935,+183,1118
275,Romann,3458690763,1547,757,+235,992
276,soraie,3439257592,1544,1074,+127,1201
277,naskya,3439056638,1542,1017,+179,1196
278,FLR,3425691553,1539,864,+213,1077
279,ChiyosBigDragon,3419290416,1537,1438,+58,1496
280,krps,3417636261,1534,0,+534,534
281,amayapetako,3417002238,1532,1109,+120,1229
282,Shiro_S,3416659064,1529,1114,+127,1241
283,y61mpnl,3415984360,1527,1132,+114,1246
284,bayashiko,3403307185,1524,620,+307,927
285,uenoku,3391619194,1522,1562,+47,1609
286,plcherrim,3378539891,1519,1213,+92,1305
287,nullnuushi,3368948124,1517,1181,+108,1289
288,K_SIO,3366324702,1515,852,+186,1038
289,kit84,3333452199,1512,831,+192,1023
290,rennn,3328783733,1510,0,+510,510
291,kakel_san,3308435973,1507,569,+340,909
292,Motsu_xe,3299245518,1505,1244,+80,1324
293,doDaylightCycle,3298829959,1502,1152,+101,1253
294,aLiCEcartert,3294290785,1500,284,+452,736
295,allegrogiken,3268282778,1497,641,+278,919
296,Koki_tkg,3258400195,1495,655,+270,925
297,rxoxixyxd,3240813759,1493,838,+198,1036
298,hkawaguc,3234912819,1490,979,+152,1131
299,nahco314,3228531333,1488,1390,+61,1451
300,jbyxm,3208474497,1485,760,+209,969
301,otsuneko,3177514470,1483,1133,+112,1245
302,kemkemG0,3177109287,1481,1029,+122,1151
303,chudanu,3176593359,1478,1461,+49,1510
304,kuku10,3165431285,1476,1041,+122,1163
305,US_cube,3119896498,1473,1282,+73,1355
306,masas1991,3119361942,1471,1153,+95,1248
307,kamojiro,3119330068,1469,1097,+117,1214
308,hrokamo,3115953664,1466,626,+266,892
309,N_hara,3083838421,1464,0,+464,464
310,arimatti,3063928030,1461,901,+175,1076
311,soto800,3057400128,1459,1164,+100,1264
312,saky0080,3057003523,1457,1204,+78,1282
313,tt829,3042207978,1454,822,+216,1038
314,tirol30,3041480971,1452,912,+148,1060
315,km1234,3039869195,1449,772,+191,963
316,mrng,3036635179,1447,0,+447,447
317,kutsutama,3026498609,1445,0,+445,445
318,Kahuka,3022161276,1442,1041,+114,1155
319,shamio,3017032248,1440,1174,+83,1257
320,tunehira,3013493167,1438,1245,+70,1315
321,hirono999,2998807616,1435,1504,+35,1539
322,MatsuTaku,2995990355,1433,1635,+29,1664
323,KBTIT,2979628239,1430,788,+190,978
324,TianWY,2978075328,1428,0,+428,428
325,tmyksj,2967669201,1426,1406,+46,1452
326,negibose2020,2960164660,1423,937,+132,1069
327,new_textfile,2942836192,1421,1456,+39,1495
328,ikd,2938213838,1419,868,+164,1032
329,hassssy4,2928991001,1416,0,+416,416
330,HAPPA,2924391921,1414,1341,+53,1394
331,Mayimg,2914875989,1412,1472,+37,1509
332,T_tani,2908385416,1409,1470,+36,1506
333,kotet,2907059945,1407,1265,+63,1328
334,yougoto,2898015730,1405,428,+341,769
335,sweetsblast,2895271256,1402,0,+402,402
336,matsu7874,2893131985,1400,1233,+65,1298
337,patron,2888635575,1398,715,+194,909
338,MZKi,2872538953,1395,1247,+61,1308
339,take911,2872503928,1393,1047,+103,1150
340,nemoi,2857543522,1390,925,+121,1046
341,tabae326,2854431044,1388,1013,+107,1120
342,Aqua3k,2849297335,1386,1104,+87,1191
343,tomolatoon,2847956742,1383,0,+384,384
344,Hachimori,2840266331,1381,1399,+43,1442
345,Yuki_B,2834637768,1379,1453,+35,1488
346,makio93,2830421798,1376,748,+183,931
347,emankcin,2827602962,1374,794,+157,951
348,satsuki0096,2824600278,1372,564,+256,820
349,dyktr_06,2817031772,1369,0,+371,371
350,YunaMana,2816538413,1367,598,+227,825
351,YamagenSakam,2808864296,1365,1766,+13,1779
352,maki_glenscape,2807798276,1362,614,+217,831
353,Mcik,2796011905,1360,0,+362,362
354,milkcoffee,2794526519,1358,1321,+51,1372
355,naoya_t,2787824214,1355,1188,+68,1256
356,fujiyama,2784420284,1353,696,+198,894
357,sca1l,2784168078,1351,665,+207,872
358,hiroshiElizabeth,2784134158,1349,0,+352,352
359,a01sa01to,2781409412,1346,644,+200,844
360,nyst,2776258964,1344,990,+132,1122
361,mooaki,2776006009,1342,1288,+50,1338
362,hkwns6otyn,2769136349,1339,0,+344,344
363,ochiaigawa,2767187077,1337,536,+252,788
364,i8fbnkyw,2765772013,1335,1314,+51,1365
365,sotozaki,2759331030,1332,935,+105,1040
366,Nyanyan,2755917014,1330,1772,+11,1783
367,m193,2755279361,1328,551,+231,782
368,n0ma_ru,2749179093,1325,1071,+79,1150
369,dsytk7,2745103957,1323,1385,+36,1421
370,SDESTINY,2740458739,1321,848,+124,972
371,shinsatt,2733739332,1318,70,+388,458
372,WAIT,2704261818,1316,161,+402,563
373,ekaraage,2678521662,1314,0,+322,322
374,arisugawayuki,2678386779,1311,943,+121,1064
375,Trineutron,2678340664,1309,1220,+54,1274
376,serpent,2678107190,1307,389,+304,693
377,okazaki1007,2671107330,1304,0,+315,315
378,SMISKI,2670330007,1302,0,+313,313
379,Roy_R,2667720193,1300,1458,+27,1485
380,ShunSK210328,2666549861,1297,558,+227,785
381,Pregina,2663822495,1295,0,+308,308
382,zezero,2648431645,1293,1054,+76,1130
383,m_asa_o,2645614704,1290,0,+304,304
384,hoxosh,2644521689,1288,36,+339,375
385,PatriciaG,2644323746,1286,559,+222,781
386,Manuel1024,2642008029,1283,875,+111,986
387,Programmerryoki,2630082837,1281,799,+144,943
388,nagiss,2627692756,1279,2052,+2,2054
389,conan1024hao,2616833411,1276,628,+192,820
390,pureharmony,2615335521,1274,229,+369,598
391,perifereia,2607941918,1271,243,+364,607
392,magurofly,2597924045,1269,840,+117,957
393,sounansya,2595481640,1267,500,+238,738
394,meoi_Owner,2595263180,1264,0,+285,285
395,muse,2593228533,1262,653,+168,821
396,push,2592153023,1260,779,+132,911
397,sangonana,2589309876,1257,805,+127,932
398,platinum,2587205362,1255,1179,+52,1231
399,jutama,2582646782,1253,1366,+48,1414
400,material,2578631744,1250,289,+315,604
401,delta71,2569039166,1248,807,+119,926
402,hiromi_ayase,2567866842,1246,1497,+26,1523
403,emak,2565116214,1243,0,+270,270
404,hageron,2562445481,1241,0,+269,269
405,garbage53,2556898135,1238,0,+267,267
406,selpo,2555651594,1236,0,+265,265
407,TakeruOkuyama,2554535133,1234,288,+306,594
408,hattoritori,2546545696,1231,771,+125,896
409,judgelaw,2546435603,1229,1046,+73,1119
410,gmmtea,2538423583,1226,676,+147,823
411,flour814,2535385322,1224,1415,+29,1444
412,tmc,2534554755,1222,0,+256,256
413,hasamaku,2531470986,1219,0,+255,255
414,brthyyjp,2530199172,1217,758,+127,885
415,ToastUz,2526681023,1214,1536,+17,1553
416,kym3535,2524596908,1212,0,+250,250
417,shiroshiro,2501918752,1210,1051,+72,1123
418,aonama,2501693405,1207,844,+99,943
419,Plutas,2490327922,1205,0,+246,246
420,karinohito,2474106024,1202,985,+75,1060
421,tnodino,2470932662,1200,0,+243,243
422,midfinger,2461101096,1198,0,+241,241
423,altairrr,2456228589,1195,1287,+35,1322
424,iceslime1104,2454748286,1193,1082,+56,1138
425,a63227676408404,2429229117,1190,1012,+76,1088
426,yamama,2423582831,1188,750,+133,883
427,bqn,2422168506,1185,905,+88,993
428,Shibuyap,2405792562,1183,2103,+1,2104
429,log5,2401632489,1180,247,+283,530
430,rkato5680,2398799152,1178,960,+73,1033
431,kenta2997,2394047534,1176,1393,+28,1421
432,mimam,2387525120,1173,0,+227,227
433,jj1guj,2385348135,1171,796,+117,913
434,yumekumo,2385348135,1168,0,+224,224
435,aoking,2385348135,1166,165,+288,453
436,marroncastle917,2385348135,1163,634,+141,775
437,shindannin,2379808673,1161,1631,+9,1640
438,packer_jp,2369321368,1158,1893,+2,1895
439,watarimaycry2,2366365873,1156,365,+234,599
440,kazukun1311,2355186881,1153,669,+167,836
441,y_yu,2338818829,1151,260,+301,561
442,retch,2336402987,1148,635,+158,793
443,ion_,2335691517,1146,617,+140,757
444,harogen,2335506164,1143,52,+258,310
445,Naoki_M_,2330555928,1141,0,+209,209
446,earlgrey_yh,2327645217,1138,1322,+25,1347
447,Shirotsume,2324940705,1135,0,+206,206
448,hiromi1630,2324940705,1133,108,+282,390
449,Camphor,2324940705,1130,0,+204,204
450,DivineJK,2324940705,1128,434,+199,633
451,SMDTU,2324940705,1125,229,+292,521
452,namacha411,2323368940,1123,0,+200,200
453,yomopota,2323267787,1120,1525,+11,1536
454,Kaki0,2317144231,1117,0,+197,197
455,QiToY,2310033450,1115,325,+244,569
456,chacoder,2301844957,1112,549,+151,700
457,soitakahashi,2297811991,1110,161,+283,444
458,paotan,2296285009,1107,298,+274,572
459,Plan8,2289870044,1104,271,+278,549
460,minyan,2261301344,1102,0,+190,190
461,Taisei2001,2254699417,1099,881,+84,965
462,zoomin,2244401245,1096,984,+66,1050
463,ACCUP,2231915517,1094,0,+186,186
464,yu0727harada,2229311975,1091,988,+60,1048
465,madoka,2219555826,1089,776,+101,877
466,MtSaka,2218116348,1086,484,+164,648
467,inaba3,2215832200,1083,588,+147,735
468,petrescu14,2205949054,1080,36,+214,250
469,yuruhiya,2205949054,1078,1240,+28,1268
470,ichi20,2205949054,1075,551,+139,690
471,tropolone,2205949054,1072,532,+148,680
472,miau,2205949054,1070,779,+86,865
473,sddbb,2205949054,1067,176,+261,437
474,kenkyu46,2200840788,1064,0,+173,173
475,temnam,2193447275,1061,531,+144,675
476,ue1221,2193447275,1059,1045,+48,1093
477,Kiguchi,2190682014,1056,0,+169,169
478,nullkara_,2189102389,1053,994,+61,1055
479,puyo,2180346534,1050,0,+167,167
480,numpex,2158622221,1047,0,+166,166
481,gorugo30,2148218844,1044,1203,+28,1231
482,masa0211,2145711176,1042,466,+196,662
483,amaguri0408,2138567599,1039,1444,+13,1457
484,ryo_n,2125422128,1036,960,+52,1012
485,attuxan,2113246057,1033,0,+160,160
486,NatsubiSogan,2109274090,1030,263,+221,484
487,satoto81,2108004507,1027,724,+88,812
488,D2029AAE2EF6,2101504788,1024,503,+138,641
489,MDMA,2100233145,1021,0,+155,155
490,nesya,2099509686,1019,1651,+7,1658
491,Ashandf,2099509686,1016,112,+222,334
492,Akari__,2099509686,1013,937,+62,999
493,Mark2333,2097314293,1010,0,+151,151
494,maronu,2092546656,1007,0,+150,150
495,aka12,2083989066,1004,874,+59,933
496,zoidzium,2070737299,1001,112,+215,327
497,nattonato,2044955318,998,0,+146,146
498,zachni,2044665687,995,691,+101,792
499,Sueh,2040641384,992,509,+133,642
500,aaaaaaaaaa2230,2039344410,988,617,+113,730
501,mmotoi,2009054938,985,0,+142,142
502,RunGood,2000118924,982,1085,+32,1117
503,KumaTachiRen,1983764600,979,252,+228,480
504,Libra_A,1976952035,976,304,+195,499
505,terrafarm,1969718491,973,780,+70,850
506,tishii24,1968960526,970,749,+79,828
507,kuuso,1965266691,966,265,+222,487
508,xiachuantope,1964062114,963,161,+211,372
509,lemon9392,1956890165,960,0,+133,133
510,himo,1929993351,957,0,+132,132
511,Kichico,1921894274,954,479,+141,620
512,X_Drake,1891027418,950,536,+127,663
513,h2d5,1886754238,947,614,+95,709
514,sakaki_tohru,1876063959,944,106,+188,294
515,NakahashiNakashi,1852256110,940,291,+209,500
516,ripity,1846969694,937,36,+156,192
517,stoq,1836350800,934,52,+165,217
518,hari64,1828268400,930,1462,+9,1471
519,kerozou,1823753654,927,547,+103,650
520,anmolsharma,1806959804,923,36,+152,188
521,yunix,1796966927,920,1153,+26,1179
522,closekn,1789531844,916,286,+201,487
523,onNok,1783017666,913,0,+118,118
524,wanidon,1782104159,909,317,+183,500
525,Arakoma,1780983764,906,287,+177,464
526,schwarzahl,1778887034,902,986,+35,1021
527,souma987,1776413274,898,1078,+25,1103
528,chomonolis,1769029188,895,1239,+15,1254
529,mkawa2,1768087976,891,0,+112,112
530,leafmoon,1767360571,887,161,+181,342
531,vistoron15,1765247124,884,952,+35,987
532,arashi6014,1762274391,880,0,+109,109
533,quietsato,1760554730,876,0,+108,108
534,Vort_EX,1760554730,872,351,+139,490
535,wakichi,1760554730,868,0,+106,106
536,diwanshu,1757535643,865,0,+105,105
537,SinC,1751628044,861,0,+104,104
538,room_208,1751628044,857,0,+103,103
539,mazihang2022,1751628044,853,411,+145,556
540,SeiyaT,1749576870,849,707,+61,768
541,RedyYuh,1743819413,845,506,+110,616
542,rinrion,1739472993,840,778,+49,827
543,bayashi_cl,1736644383,836,267,+148,415
544,mono_0812,1736644383,832,440,+113,553
545,shobonvip,1736644383,828,0,+96,96
546,sepa_38,1736644383,824,110,+132,242
547,SuperUP,1734034787,819,437,+107,544
548,unaunagi,1723010717,815,1132,+16,1148
549,zepp,1710681961,811,274,+146,420
550,shogo314,1682096857,806,976,+25,1001
551,gappac,1678870512,802,0,+90,90
552,pres1dent,1672999728,797,1045,+24,1069
553,Grisha,1659370755,793,0,+88,88
554,miisuke,1653010193,788,827,+47,874
555,hkus,1646900167,783,256,+136,392
556,beta,1626621238,779,252,+155,407
557,kaerusan82433413,1626621238,774,868,+33,901
558,jotp,1591155145,769,327,+134,461
559,scol,1564203765,764,1055,+22,1077
560,joelchacon,1528812864,759,0,+81,81
561,mamekin,1524153434,754,1364,+5,1369
562,HyperToy,1467966325,749,0,+79,79
563,tomatojuice,1455764253,744,0,+78,78
564,side,1436468865,738,948,+23,971
565,CHRIBUR,1406894303,733,264,+122,386
566,Retro,1381479705,728,408,+104,512
567,marurunn1,1352569868,722,831,+37,868
568,keserasera_77,1341399088,717,1340,+4,1344
569,Rssll_Krkgrd,1330535900,711,507,+71,578
570,spady,1326555234,705,724,+42,766
571,taiga0629,1294453530,700,1328,+4,1332
572,peroon,1102836480,694,563,+70,633
573,DFNasutarou,1057777792,688,1200,+8,1208
574,Zarath8128,1038678044,682,161,+118,279
575,hotate29,1024354819,675,658,+46,704
576,tonakai,1012995190,669,933,+20,953
577,iis914,993064949,663,810,+27,837
578,MizukiHashimoto,989394453,656,0,+62,62
579,komasan,978359382,649,67,+94,161
580,gdb,946460262,643,0,+60,60
581,Hum1060,919000458,636,1212,+5,1217
582,nhigashino,914069873,629,354,+93,447
583,moharan,853538563,621,170,+105,275
584,massalia,818694950,614,0,+56,56
585,takekinmkk,817779551,606,390,+73,463
586,swysenk,812584160,599,0,+54,54
587,IlIlI,808754652,591,0,+53,53
588,kazu621,806881388,583,0,+52,52
589,kamome,803959229,574,1195,+5,1200
590,osata,803566588,566,491,+62,553
591,inu__dog,789858638,557,1334,+3,1337
592,ramdos,789858638,548,810,+20,830
593,kmjp,789858638,539,399,+60,459
594,puyopop,774126784,529,1006,+8,1014
595,Deep234,680081323,520,0,+44,44
596,numberone,679730984,510,0,+43,43
597,Luft,669987299,499,505,+43,548
598,mikurikuri,654464368,488,0,+41,41
599,ricetta,485746370,477,274,+57,331
600,boomslang,176880174,465,545,+34,579
601,suiso11,152428927,453,0,+38,38
602,moripopo,6717757,441,230,+52,282
603,kailog,6717757,427,0,+35,35
604,jurakoro,0,180,0,+19,19
604,bubblemanTG,0,180,0,+19,19
604,leon1125,0,180,0,+19,19
604,qianyucun,0,180,0,+19,19
604,HIMU_NAMO,0,180,0,+19,19
604,shirasu_oisi,0,180,169,+39,208
604,ProWizard84,0,180,0,+19,19
604,chainz2001,0,180,0,+19,19
604,tdt76799,0,180,0,+19,19
604,ShinUPS,0,180,89,+37,126
604,furikus,0,180,161,+39,200
604,keisuke6,0,180,0,+19,19
604,roto_37,0,180,1412,+0,1412
604,taio,0,180,0,+19,19
604,myj128128,0,180,0,+19,19
604,waniwani15,0,180,0,+19,19
604,shirobi0208,0,180,0,+19,19
604,MiyoShrineR,0,180,0,+19,19
604,mikit,0,180,1019,+1,1020
